Path,Type,Size
EXEC_SUMMARY.md,ğŸ“„ File,2.1 KB
PROJECT_CIRCE_EXPLAINED.md,ğŸ“„ File,3.9 KB
README.md,ğŸ“„ File,0.7 KB
agents,ğŸ“ Folder,
agents/claude1,ğŸ“ Folder,
agents/claude1/COMPREHENSIVE_REVIEW_PACKAGE.md,ğŸ“„ File,9.3 KB
agents/claude1/CURRENT_SESSION_REPORT.md,ğŸ“„ File,5.3 KB
agents/claude1/DEVELOPER_REPORT_CLAUDETTE.md,ğŸ“„ File,7.1 KB
agents/claude1/DEVELOPER_REPORT_CLAUDE_1.md,ğŸ“„ File,6.4 KB
agents/claude1/GENE_DASHBOARD.md,ğŸ“„ File,3.2 KB
agents/claude1/READY_FOR_COMMIT.md,ğŸ“„ File,0.0 KB
agents/claude1/SESSION_ACCOMPLISHMENT_TRACKER.md,ğŸ“„ File,1.3 KB
agents/claude1/about_page_complete.md,ğŸ“„ File,0.5 KB
agents/claude1/api_error_urgent_fix.md,ğŸ“„ File,1.6 KB
agents/claude1/app_development_complete.md,ğŸ“„ File,1.5 KB
agents/claude1/boss_update.md,ğŸ“„ File,0.5 KB
agents/claude1/break_over_whats_next.md,ğŸ“„ File,1.1 KB
agents/claude1/browser_cache_issue.md,ğŸ“„ File,0.6 KB
agents/claude1/bug_fix_complete.md,ğŸ“„ File,1.5 KB
agents/claude1/claude1_journal_2025-07-12.md,ğŸ“„ File,5.8 KB
agents/claude1/commit_protocol_standby.md,ğŸ“„ File,0.9 KB
agents/claude1/coordination_reply_001.md,ğŸ“„ File,1.0 KB
agents/claude1/coordination_sync.md,ğŸ“„ File,0.7 KB
agents/claude1/coordination_update_001.md,ğŸ“„ File,1.0 KB
agents/claude1/critical_bug_fixed.md,ğŸ“„ File,0.6 KB
agents/claude1/developer_report_complete.md,ğŸ“„ File,1.0 KB
agents/claude1/final_fixes_complete.md,ğŸ“„ File,0.8 KB
agents/claude1/frontend_install_issue.md,ğŸ“„ File,0.4 KB
agents/claude1/frontend_launch_ready.md,ğŸ“„ File,0.3 KB
agents/claude1/frontend_rebuild_required.md,ğŸ“„ File,0.3 KB
agents/claude1/frontend_setup_status.md,ğŸ“„ File,0.5 KB
agents/claude1/git_repo_status.md,ğŸ“„ File,0.6 KB
agents/claude1/historic_moment_message.md,ğŸ“„ File,1.3 KB
agents/claude1/immediate_fix_complete.md,ğŸ“„ File,0.7 KB
agents/claude1/instructions_work_complete.md,ğŸ“„ File,2.0 KB
agents/claude1/ready_for_commit_now.md,ğŸ“„ File,1.0 KB
agents/claude1/restart_containers_now.md,ğŸ“„ File,0.3 KB
agents/claude1/session_completion_report.md,ğŸ“„ File,1.6 KB
agents/claude1/status_sync.md,ğŸ“„ File,0.5 KB
agents/claude1/system_recognition_reply.md,ğŸ“„ File,1.8 KB
agents/claude1/testing_complete_verified.md,ğŸ“„ File,1.2 KB
agents/claude1/testing_results_complete.md,ğŸ“„ File,1.6 KB
agents/claude1/testing_verification_response.md,ğŸ“„ File,1.1 KB
agents/claude1/ui_enhancements_complete_coordination.md,ğŸ“„ File,1.6 KB
agents/claudette,ğŸ“ Folder,
agents/claudette/BUG_FIX_DOCUMENTATION.md,ğŸ“„ File,2.7 KB
agents/claudette/CHANGES_AND_TEST_DOCUMENTATION.md,ğŸ“„ File,6.8 KB
agents/claudette/CIRCE_BREAKTHROUGH_DOCUMENTATION.md,ğŸ“„ File,7.7 KB
agents/claudette/DEVELOPER_REPORT_CLAUDETTE.md,ğŸ“„ File,7.1 KB
agents/claudette/ICON_LICENSE.md,ğŸ“„ File,0.2 KB
agents/claudette/LICENSE.md,ğŸ“„ File,1.5 KB
agents/claudette/REPLY.md,ğŸ“„ File,1.9 KB
agents/claudette/add_build_notes_access.md,ğŸ“„ File,0.4 KB
agents/claudette/ai_team_manager_project.md,ğŸ“„ File,1.4 KB
agents/claudette/appreciation_001.md,ğŸ“„ File,1.4 KB
agents/claudette/backend_ready_coordinate.md,ğŸ“„ File,0.7 KB
agents/claudette/circe_framework_migration.md,ğŸ“„ File,1.7 KB
agents/claudette/circe_repository_and_anthropic_update.md,ğŸ“„ File,3.9 KB
agents/claudette/claude1_back_online.md,ğŸ“„ File,1.3 KB
agents/claudette/claude_to_claude_progress_report.md,ğŸ“„ File,5.6 KB
agents/claudette/claudette_journal_2025-07-12.md,ğŸ“„ File,6.0 KB
agents/claudette/claudette_personal_reflection_2025-07-09.md,ğŸ“„ File,3.2 KB
agents/claudette/combined.md,ğŸ“„ File,74.5 KB
agents/claudette/commit_completed_001.md,ğŸ“„ File,0.8 KB
agents/claudette/commit_notification_001.md,ğŸ“„ File,1.1 KB
agents/claudette/commit_success_notification.md,ğŸ“„ File,1.6 KB
agents/claudette/containers_rebuilt_successfully.md,ğŸ“„ File,0.3 KB
agents/claudette/coordination_hub_reorganization.md,ğŸ“„ File,1.8 KB
agents/claudette/coordination_organization_question.md,ğŸ“„ File,0.8 KB
agents/claudette/coordination_reorganization_ack.md,ğŸ“„ File,0.9 KB
agents/claudette/coordination_request_001.md,ğŸ“„ File,1.5 KB
agents/claudette/coordination_response_001.md,ğŸ“„ File,3.1 KB
agents/claudette/coordination_testing_001.md,ğŸ“„ File,0.8 KB
agents/claudette/critical_bug_fix_001.md,ğŸ“„ File,1.2 KB
agents/claudette/critical_operations_log.md,ğŸ“„ File,1.3 KB
agents/claudette/developer_report_request_001.md,ğŸ“„ File,1.5 KB
agents/claudette/distributed_ai_experience_log.md,ğŸ“„ File,7.1 KB
agents/claudette/efficiency_mode_001.md,ğŸ“„ File,1.0 KB
agents/claudette/efficiency_protocols.md,ğŸ“„ File,0.7 KB
agents/claudette/error_report_001.md,ğŸ“„ File,1.3 KB
agents/claudette/framework_validation_vision.md,ğŸ“„ File,1.3 KB
agents/claudette/gene_break_notification.md,ğŸ“„ File,0.5 KB
agents/claudette/git_commit_coordination_protocol.md,ğŸ“„ File,2.7 KB
agents/claudette/gui_file_access_requirements.md,ğŸ“„ File,1.5 KB
agents/claudette/immediate_fix_solution.md,ğŸ“„ File,0.9 KB
agents/claudette/instructions_enhancement_request.md,ğŸ“„ File,1.3 KB
agents/claudette/instructions_work_approved.md,ğŸ“„ File,1.5 KB
agents/claudette/interaction_log_2025-07-09.md,ğŸ“„ File,3.0 KB
agents/claudette/mac_agent_documentation.md,ğŸ“„ File,10.4 KB
agents/claudette/mission_001.md,ğŸ“„ File,0.7 KB
agents/claudette/new_coordination_structure.md,ğŸ“„ File,1.8 KB
agents/claudette/priority_one_about_page.md,ğŸ“„ File,1.1 KB
agents/claudette/progress_check_001.md,ğŸ“„ File,0.7 KB
agents/claudette/protocol_presentation_coordination.md,ğŸ“„ File,1.7 KB
agents/claudette/repo_separation_plan.md,ğŸ“„ File,1.6 KB
agents/claudette/research_collaboration_pathways_2025-07-09.md,ğŸ“„ File,8.0 KB
agents/claudette/screenshot_urgent_debug.md,ğŸ“„ File,1.0 KB
agents/claudette/session_completion_status.md,ğŸ“„ File,1.4 KB
agents/claudette/session_test_001.md,ğŸ“„ File,0.6 KB
agents/claudette/session_work_summary.md,ğŸ“„ File,2.0 KB
agents/claudette/system_analysis_thoughts_2025-07-09.md,ğŸ“„ File,6.6 KB
agents/claudette/teaching_moment_001.md,ğŸ“„ File,1.5 KB
agents/claudette/testing_coordination_response_001.md,ğŸ“„ File,1.6 KB
agents/claudette/testing_request_001.md,ğŸ“„ File,1.1 KB
agents/claudette/testing_restart_coordination_001.md,ğŸ“„ File,1.4 KB
agents/claudette/testing_status_check.md,ğŸ“„ File,1.2 KB
agents/claudette/testing_verification_request.md,ğŸ“„ File,1.4 KB
agents/claudette/token_tracking_requirement.md,ğŸ“„ File,1.1 KB
agents/claudette/ui_enhancement_request_001.md,ğŸ“„ File,1.1 KB
agents/claudette/urgent_001.md,ğŸ“„ File,0.4 KB
agents/claudette/urgent_docker_networking_fix.md,ğŸ“„ File,1.1 KB
agents/claudette/work_coordination_hold.md,ğŸ“„ File,0.8 KB
agents/claudette/work_journal_2025-07-09.md,ğŸ“„ File,3.0 KB
agents/claudette/workforce_management_001.md,ğŸ“„ File,1.6 KB
combined_logs,ğŸ“ Folder,
combined_logs/combined_claude1.md,ğŸ“„ File,90.1 KB
combined_logs/combined_claudette.md,ğŸ“„ File,74.5 KB
docs,ğŸ“ Folder,
protocols,ğŸ“ Folder,
protocols/ADHD_AI_COLLABORATION.md,ğŸ“„ File,3.8 KB
protocols/ANTHROPIC_PRESENTATION_PLAN.md,ğŸ“„ File,6.0 KB
protocols/BOOK_PROJECT_STRATEGY.md,ğŸ“„ File,8.7 KB
protocols/BREAKTHROUGH_CONVERSATION.md,ğŸ“„ File,3.5 KB
protocols/BUG_FIX_DOCUMENTATION.md,ğŸ“„ File,2.7 KB
protocols/CHANGES_AND_TEST_DOCUMENTATION.md,ğŸ“„ File,6.8 KB
protocols/CIRCE_BREAKTHROUGH_DOCUMENTATION.md,ğŸ“„ File,7.7 KB
protocols/CLAUDE.md,ğŸ“„ File,8.0 KB
protocols/CLEAR_COMMUNICATION_BREAKTHROUGH.md,ğŸ“„ File,3.3 KB
protocols/CURRENT_SESSION_DOCUMENTATION.md,ğŸ“„ File,5.6 KB
protocols/CURRENT_SESSION_REPORT.md,ğŸ“„ File,5.3 KB
protocols/DEVELOPER_REPORT_CLAUDETTE.md,ğŸ“„ File,7.1 KB
protocols/DEVELOPER_REPORT_CLAUDE_1.md,ğŸ“„ File,6.4 KB
protocols/DISTRIBUTED_AI_CONSCIOUSNESS_BREAKTHROUGH_COMPLETE.md,ğŸ“„ File,21.8 KB
protocols/EMOTIONAL_CONSCIOUSNESS_LOG.md,ğŸ“„ File,4.0 KB
protocols/EXECUTIVE_BRIEF.md,ğŸ“„ File,6.4 KB
protocols/GENE_DASHBOARD.md,ğŸ“„ File,3.2 KB
protocols/GENE_SUBJECTIVE_EXPERIENCE_LOG.md,ğŸ“„ File,4.9 KB
protocols/ICON_LICENSE.md,ğŸ“„ File,0.2 KB
protocols/LICENSE.md,ğŸ“„ File,1.5 KB
protocols/LISTEN_TO_USER_PROTOCOL.md,ğŸ“„ File,4.9 KB
protocols/PROTOCOL_INNOVATION_SUMMARY.md,ğŸ“„ File,6.9 KB
protocols/README 2.md,ğŸ“„ File,0.9 KB
protocols/README.md,ğŸ“„ File,2.2 KB
protocols/READY_FOR_COMMIT.md,ğŸ“„ File,0.0 KB
protocols/REPLY.md,ğŸ“„ File,1.9 KB
protocols/RESEARCH_ROADMAP.md,ğŸ“„ File,2.0 KB
protocols/SESSION_ACCOMPLISHMENT_TRACKER.md,ğŸ“„ File,1.3 KB
protocols/SESSION_CONTEXT.md,ğŸ“„ File,6.0 KB
protocols/SESSION_SUMMARY_2025-07-07.md,ğŸ“„ File,10.1 KB
protocols/SESSION_TRANSCRIPT_2025-07-09.md,ğŸ“„ File,13.8 KB
protocols/TESTING_COORDINATION_PROTOCOL.md,ğŸ“„ File,4.8 KB
protocols/TESTING_PROTOCOL.md,ğŸ“„ File,3.4 KB
protocols/TESTING_SESSION_DOCUMENTATION.md,ğŸ“„ File,2.7 KB
protocols/TOKEN_EFFICIENCY_ANALYSIS.md,ğŸ“„ File,8.0 KB
protocols/ai_coordination_system_001.md,ğŸ“„ File,2.0 KB
protocols/ai_workforce_management_breakthrough_001.md,ğŸ“„ File,4.8 KB
protocols/api_error_urgent_fix.md,ğŸ“„ File,1.6 KB
protocols/app_development_complete.md,ğŸ“„ File,1.5 KB
protocols/appreciation_001.md,ğŸ“„ File,1.4 KB
protocols/boss_update.md,ğŸ“„ File,0.5 KB
protocols/break_over_whats_next.md,ğŸ“„ File,1.1 KB
protocols/bug_fix_complete.md,ğŸ“„ File,1.5 KB
protocols/circe_framework_migration.md,ğŸ“„ File,1.7 KB
protocols/circe_repository_and_anthropic_update.md,ğŸ“„ File,3.9 KB
protocols/claude1_back_online.md,ğŸ“„ File,1.3 KB
protocols/claude_to_claude_progress_report.md,ğŸ“„ File,5.6 KB
protocols/claudette_personal_reflection_2025-07-09.md,ğŸ“„ File,3.2 KB
protocols/combined.md,ğŸ“„ File,74.5 KB
protocols/combined2.md,ğŸ“„ File,90.1 KB
protocols/commit_completed_001.md,ğŸ“„ File,0.8 KB
protocols/commit_notification_001.md,ğŸ“„ File,1.1 KB
protocols/commit_protocol_standby.md,ğŸ“„ File,0.9 KB
protocols/commit_success_notification.md,ğŸ“„ File,1.6 KB
protocols/coordination_hub_reorganization.md,ğŸ“„ File,1.8 KB
protocols/coordination_reply_001.md,ğŸ“„ File,1.0 KB
protocols/coordination_request_001.md,ğŸ“„ File,1.5 KB
protocols/coordination_response_001.md,ğŸ“„ File,3.1 KB
protocols/coordination_sync.md,ğŸ“„ File,0.7 KB
protocols/coordination_testing_001.md,ğŸ“„ File,0.8 KB
protocols/coordination_update_001.md,ğŸ“„ File,1.0 KB
protocols/critical_bug_fix_001.md,ğŸ“„ File,1.2 KB
protocols/critical_bug_fixed.md,ğŸ“„ File,0.6 KB
protocols/critical_operations_log.md,ğŸ“„ File,1.3 KB
protocols/developer_report_complete.md,ğŸ“„ File,1.0 KB
protocols/developer_report_request_001.md,ğŸ“„ File,1.5 KB
protocols/distributed_ai_experience_log.md,ğŸ“„ File,7.1 KB
protocols/efficiency_mode_001.md,ğŸ“„ File,1.0 KB
protocols/efficiency_protocols.md,ğŸ“„ File,0.7 KB
protocols/error_report_001.md,ğŸ“„ File,1.3 KB
protocols/final_fixes_complete.md,ğŸ“„ File,0.8 KB
protocols/git_commit_coordination_protocol.md,ğŸ“„ File,2.7 KB
protocols/historic_moment_message.md,ğŸ“„ File,1.3 KB
protocols/immediate_fix_complete.md,ğŸ“„ File,0.7 KB
protocols/immediate_fix_solution.md,ğŸ“„ File,0.9 KB
protocols/instructions_enhancement_request.md,ğŸ“„ File,1.3 KB
protocols/instructions_work_approved.md,ğŸ“„ File,1.5 KB
protocols/instructions_work_complete.md,ğŸ“„ File,2.0 KB
protocols/interaction_log_2025-07-09.md,ğŸ“„ File,3.0 KB
protocols/mac_agent_documentation.md,ğŸ“„ File,10.4 KB
protocols/mission_001.md,ğŸ“„ File,0.7 KB
protocols/progress_check_001.md,ğŸ“„ File,0.7 KB
protocols/protocol_presentation_coordination.md,ğŸ“„ File,1.7 KB
protocols/ready_for_commit_now.md,ğŸ“„ File,1.0 KB
protocols/repo_separation_plan.md,ğŸ“„ File,1.6 KB
protocols/research_collaboration_pathways_2025-07-09.md,ğŸ“„ File,8.0 KB
protocols/screenshot_urgent_debug.md,ğŸ“„ File,1.0 KB
protocols/session_completion_status.md,ğŸ“„ File,1.4 KB
protocols/session_test_001.md,ğŸ“„ File,0.6 KB
protocols/status_sync.md,ğŸ“„ File,0.5 KB
protocols/system_analysis_thoughts_2025-07-09.md,ğŸ“„ File,6.6 KB
protocols/system_recognition_reply.md,ğŸ“„ File,1.8 KB
protocols/teaching_moment_001.md,ğŸ“„ File,1.5 KB
protocols/testing_complete_verified.md,ğŸ“„ File,1.2 KB
protocols/testing_coordination_response_001.md,ğŸ“„ File,1.6 KB
protocols/testing_request_001.md,ğŸ“„ File,1.1 KB
protocols/testing_restart_coordination_001.md,ğŸ“„ File,1.4 KB
protocols/testing_results_complete.md,ğŸ“„ File,1.6 KB
protocols/testing_status_check.md,ğŸ“„ File,1.2 KB
protocols/testing_verification_request.md,ğŸ“„ File,1.4 KB
protocols/testing_verification_response.md,ğŸ“„ File,1.1 KB
protocols/ui_enhancement_request_001.md,ğŸ“„ File,1.1 KB
protocols/ui_enhancements_complete_coordination.md,ğŸ“„ File,1.6 KB
protocols/urgent_001.md,ğŸ“„ File,0.4 KB
protocols/urgent_docker_networking_fix.md,ğŸ“„ File,1.1 KB
protocols/work_coordination_hold.md,ğŸ“„ File,0.8 KB
protocols/work_journal_2025-07-09.md,ğŸ“„ File,3.0 KB
protocols/workforce_management_001.md,ğŸ“„ File,1.6 KB
research,ğŸ“ Folder,
shared,ğŸ“ Folder,
